proname,norm_md5,norm_len,body
guard_admin_only,7f6f0375c5cb69c316f38ce7011f4a9b,366,"CREATE OR REPLACE FUNCTION public.guard_admin_only()
 RETURNS trigger
 LANGUAGE plpgsql
 SECURITY DEFINER
 SET search_path TO 'public', 'pg_temp'
AS $function$
DECLARE c_role text; c_sub text;
BEGIN
  c_sub := current_setting('request.jwt.claims', true)::json->>'sub';
  IF c_sub IS NULL THEN RETURN COALESCE(NEW, OLD); END IF;
  SELECT u.role INTO c_role FROM public.users u WHERE u.auth_user_id::text = c_sub;
  IF c_role = 'admin' THEN RETURN COALESCE(NEW, OLD); END IF;
  RAISE EXCEPTION 'Nur Admin darf system_config aendern';
END; $function$
"
guard_kontingent,33772730121944abfc09aaa35d465ac0,486,"CREATE OR REPLACE FUNCTION public.guard_kontingent()
 RETURNS trigger
 LANGUAGE plpgsql
 SECURITY DEFINER
 SET search_path TO 'public', 'pg_temp'
AS $function$
DECLARE c_role text; c_perms text; c_sub text;
BEGIN
  c_sub := current_setting('request.jwt.claims', true)::json->>'sub';
  IF c_sub IS NULL THEN RETURN COALESCE(NEW, OLD); END IF;
  SELECT u.role, u.permissions INTO c_role, c_perms FROM public.users u WHERE u.auth_user_id::text = c_sub;
  IF c_role = 'admin' OR (c_perms IS NOT NULL AND c_perms LIKE '%""urlaub_edit""%') THEN RETURN COALESCE(NEW, OLD); END IF;
  RAISE EXCEPTION 'Urlaubskontingent aendern erfordert urlaub_edit oder Admin';
END; $function$
"
guard_projects,5b8c7817a69429cabb562f39a41fab37,397,"CREATE OR REPLACE FUNCTION public.guard_projects()
 RETURNS trigger
 LANGUAGE plpgsql
 SECURITY DEFINER
 SET search_path TO 'public', 'pg_temp'
AS $function$
DECLARE c_role text; c_sub text;
BEGIN
  c_sub := current_setting('request.jwt.claims', true)::json->>'sub';
  IF c_sub IS NULL THEN RETURN COALESCE(NEW, OLD); END IF;
  SELECT u.role INTO c_role FROM public.users u WHERE u.auth_user_id::text = c_sub;
  IF c_role IN ('admin','projektleiter') THEN RETURN COALESCE(NEW, OLD); END IF;
  RAISE EXCEPTION 'Nur Projektleiter/Admin duerfen Projekte aendern';
END; $function$
"
guard_urlaub_edit,284dc6f19d45f4a8804ddb69e74e8ef6,1746,"CREATE OR REPLACE FUNCTION public.guard_urlaub_edit()
 RETURNS trigger
 LANGUAGE plpgsql
 SECURITY DEFINER
 SET search_path TO 'public', 'pg_temp'
AS $function$
DECLARE c_role text; c_perms text; c_override text; c_sub text; c_monteur text;
BEGIN
  c_sub := current_setting('request.jwt.claims', true)::json->>'sub';
  IF c_sub IS NULL THEN RETURN COALESCE(NEW, OLD); END IF;  -- service_role bypass
  SELECT u.role, u.permissions, u.perms_override, u.monteur_id
    INTO c_role, c_perms, c_override, c_monteur
    FROM public.users u WHERE u.auth_user_id::text = c_sub;
  -- v3.9.453: Voll-Zugriff (Genehmigen/Bearbeiten) = admin/projektleiter/buero (= canDo('abs_approve') im Frontend)
  -- ODER urlaub_edit-Perm via permissions ODER perms_override (Frontend gewaehrt es ueber perms_override).
  -- Vorher nur admin + permissions-Spalte -> buero/PL + perms_override-User (z.B. Schober) liefen in die Exception.
  IF c_role IN ('admin','projektleiter','buero')
     OR (c_perms    IS NOT NULL AND c_perms    LIKE '%""urlaub_edit""%')
     OR (c_override IS NOT NULL AND c_override LIKE '%""urlaub_edit"":true%')
  THEN RETURN COALESCE(NEW, OLD); END IF;
  -- DELETE: only own + still beantragt
  IF TG_OP = 'DELETE' THEN
    IF OLD.worker_id = c_monteur AND OLD.status = 'beantragt' THEN RETURN OLD; END IF;
    RAISE EXCEPTION 'Nur eigene offene Antraege loeschbar';
  END IF;
  -- INSERT: only own, status must be beantragt
  IF TG_OP = 'INSERT' THEN
    IF NEW.worker_id = c_monteur AND COALESCE(NEW.status,'beantragt') = 'beantragt' THEN RETURN NEW; END IF;
    RAISE EXCEPTION 'Nur eigene Antraege im Status beantragt anlegbar';
  END IF;
  -- UPDATE: only own, only while beantragt, may not self-approve
  IF TG_OP = 'UPDATE' THEN
    IF OLD.worker_id = c_monteur AND OLD.status = 'beantragt' AND NEW.status IN ('beantragt','storniert') THEN RETURN NEW; END IF;
    RAISE EXCEPTION 'Nur eigene offene Antraege aenderbar, kein Selbst-Genehmigen';
  END IF;
  RETURN COALESCE(NEW, OLD);
END; $function$
"
guard_users_privilege,dcbf3756cf1af4f77623a292a7539f7d,699,"CREATE OR REPLACE FUNCTION public.guard_users_privilege()
 RETURNS trigger
 LANGUAGE plpgsql
 SECURITY DEFINER
 SET search_path TO 'public', 'pg_temp'
AS $function$
DECLARE caller_role text; caller_sub text;
BEGIN
  caller_sub := current_setting('request.jwt.claims', true)::json->>'sub';
  IF caller_sub IS NULL THEN RETURN NEW; END IF;
  SELECT u.role INTO caller_role FROM public.users u
    WHERE u.auth_user_id::text = caller_sub;
  IF caller_role = 'admin' THEN RETURN NEW; END IF;
  IF NEW.role IS DISTINCT FROM OLD.role
     OR NEW.locked IS DISTINCT FROM OLD.locked
     OR NEW.permissions IS DISTINCT FROM OLD.permissions
     OR NEW.perms_override IS DISTINCT FROM OLD.perms_override
     OR NEW.auth_user_id IS DISTINCT FROM OLD.auth_user_id
     OR NEW.monteur_id IS DISTINCT FROM OLD.monteur_id THEN
    RAISE EXCEPTION 'Privilege fields can only be changed by admin';
  END IF;
  RETURN NEW;
END; $function$
"